key,value
ISO3,GBR
HDR Country Name,United Kingdom
Human Development Groups,Very High
UNDP Developeing Regions,
HDI Rank (2021),18
Human Development Index (value) (1990),.804
Human Development Index (value) (1991),.8090000000000001
Human Development Index (value) (1992),.8159999999999999
Human Development Index (value) (1993),.82
Human Development Index (value) (1994),.828
Human Development Index (value) (1995),.828
Human Development Index (value) (1996),.834
Human Development Index (value) (1997),.842
Human Development Index (value) (1998),.848
Human Development Index (value) (1999),.855
Human Development Index (value) (2000),.862
Human Development Index (value) (2001),.868
Human Development Index (value) (2002),.873
Human Development Index (value) (2003),.878
Human Development Index (value) (2004),.889
Human Development Index (value) (2005),.895
Human Development Index (value) (2006),.894
Human Development Index (value) (2007),.897
Human Development Index (value) (2008),.9
Human Development Index (value) (2009),.906
Human Development Index (value) (2010),.912
Human Development Index (value) (2011),.908
Human Development Index (value) (2012),.909
Human Development Index (value) (2013),.922
Human Development Index (value) (2014),.924
Human Development Index (value) (2015),.924
Human Development Index (value) (2016),.927
Human Development Index (value) (2017),.93
Human Development Index (value) (2018),.929
Human Development Index (value) (2019),.9350000000000001
Human Development Index (value) (2020),.924
Human Development Index (value) (2021),.929
Life Expectancy at Birth (years) (1990),75.7359
Life Expectancy at Birth (years) (1991),75.9098
Life Expectancy at Birth (years) (1992),76.30629999999999
Life Expectancy at Birth (years) (1993),76.1627
Life Expectancy at Birth (years) (1994),76.7221
Life Expectancy at Birth (years) (1995),76.6164
Life Expectancy at Birth (years) (1996),76.87479999999999
Life Expectancy at Birth (years) (1997),77.1418
Life Expectancy at Birth (years) (1998),77.277
Life Expectancy at Birth (years) (1999),77.37569999999999
Life Expectancy at Birth (years) (2000),77.85250000000001
Life Expectancy at Birth (years) (2001),78.12390000000001
Life Expectancy at Birth (years) (2002),78.2411
Life Expectancy at Birth (years) (2003),78.334
Life Expectancy at Birth (years) (2004),78.9045
Life Expectancy at Birth (years) (2005),79.1116
Life Expectancy at Birth (years) (2006),79.355
Life Expectancy at Birth (years) (2007),79.5424
Life Expectancy at Birth (years) (2008),79.6652
Life Expectancy at Birth (years) (2009),80.16679999999999
Life Expectancy at Birth (years) (2010),80.4008
Life Expectancy at Birth (years) (2011),80.80459999999999
Life Expectancy at Birth (years) (2012),80.8659
Life Expectancy at Birth (years) (2013),80.92910000000001
Life Expectancy at Birth (years) (2014),81.1602
Life Expectancy at Birth (years) (2015),80.9238
Life Expectancy at Birth (years) (2016),81.07470000000001
Life Expectancy at Birth (years) (2017),81.16840000000001
Life Expectancy at Birth (years) (2018),81.1254
Life Expectancy at Birth (years) (2019),81.72499999999999
Life Expectancy at Birth (years) (2020),80.4345
Life Expectancy at Birth (years) (2021),80.7422
Expected Years of Schooling (years) (1990),13.6549902
Expected Years of Schooling (years) (1991),13.92667007
Expected Years of Schooling (years) (1992),14.27546978
Expected Years of Schooling (years) (1993),14.48675315
Expected Years of Schooling (years) (1994),14.69803651
Expected Years of Schooling (years) (1995),14.90931988
Expected Years of Schooling (years) (1996),15.12060324
Expected Years of Schooling (years) (1997),15.33188661
Expected Years of Schooling (years) (1998),15.54316998
Expected Years of Schooling (years) (1999),15.8917799
Expected Years of Schooling (years) (2000),16.09623909
Expected Years of Schooling (years) (2001),16.1175499
Expected Years of Schooling (years) (2002),16.10576057
Expected Years of Schooling (years) (2003),16.08025932
Expected Years of Schooling (years) (2004),16.5434494
Expected Years of Schooling (years) (2005),16.62688065
Expected Years of Schooling (years) (2006),16.06059074
Expected Years of Schooling (years) (2007),15.86334991
Expected Years of Schooling (years) (2008),15.9672699
Expected Years of Schooling (years) (2009),16.11256027
Expected Years of Schooling (years) (2010),16.36290932
Expected Years of Schooling (years) (2011),15.72978973
Expected Years of Schooling (years) (2012),15.67329979
Expected Years of Schooling (years) (2013),17.6342907
Expected Years of Schooling (years) (2014),17.48591042
Expected Years of Schooling (years) (2015),17.32865906
Expected Years of Schooling (years) (2016),17.41354465
Expected Years of Schooling (years) (2017),17.49843025
Expected Years of Schooling (years) (2018),17.24805069
Expected Years of Schooling (years) (2019),17.30971909
Expected Years of Schooling (years) (2020),17.30971909
Expected Years of Schooling (years) (2021),17.30971909
Mean Years of Schooling (years) (1990),9.635440148000001
Mean Years of Schooling (years) (1991),9.724416058999999
Mean Years of Schooling (years) (1992),9.81339197
Mean Years of Schooling (years) (1993),9.902367882
Mean Years of Schooling (years) (1994),9.991343793
Mean Years of Schooling (years) (1995),10.0803197
Mean Years of Schooling (years) (1996),10.20401792
Mean Years of Schooling (years) (1997),10.32771614
Mean Years of Schooling (years) (1998),10.45141436
Mean Years of Schooling (years) (1999),10.57511258
Mean Years of Schooling (years) (2000),10.69881079
Mean Years of Schooling (years) (2001),10.95271766
Mean Years of Schooling (years) (2002),11.20662453
Mean Years of Schooling (years) (2003),11.4605314
Mean Years of Schooling (years) (2004),11.71443827
Mean Years of Schooling (years) (2005),11.96834514
Mean Years of Schooling (years) (2006),12.24829374
Mean Years of Schooling (years) (2007),12.52824234
Mean Years of Schooling (years) (2008),12.80819094
Mean Years of Schooling (years) (2009),13.08813953
Mean Years of Schooling (years) (2010),13.21277046
Mean Years of Schooling (years) (2011),13.18756962
Mean Years of Schooling (years) (2012),13.33852959
Mean Years of Schooling (years) (2013),12.83395004
Mean Years of Schooling (years) (2014),12.88897991
Mean Years of Schooling (years) (2015),12.97976335
Mean Years of Schooling (years) (2016),13.07054679
Mean Years of Schooling (years) (2017),13.16133022
Mean Years of Schooling (years) (2018),13.24292692
Mean Years of Schooling (years) (2019),13.32452361
Mean Years of Schooling (years) (2020),13.4061203
Mean Years of Schooling (years) (2021),13.4061203
Gross National Income Per Capita (2017 PPP$) (1990),30951.71296
Gross National Income Per Capita (2017 PPP$) (1991),30605.64788
Gross National Income Per Capita (2017 PPP$) (1992),31001.96039
Gross National Income Per Capita (2017 PPP$) (1993),31663.94445
Gross National Income Per Capita (2017 PPP$) (1994),33332.3481
Gross National Income Per Capita (2017 PPP$) (1995),31384.66716
Gross National Income Per Capita (2017 PPP$) (1996),31969.15701
Gross National Income Per Capita (2017 PPP$) (1997),34071.49387
Gross National Income Per Capita (2017 PPP$) (1998),35707.68553
Gross National Income Per Capita (2017 PPP$) (1999),36363.83257
Gross National Income Per Capita (2017 PPP$) (2000),37777.78716
Gross National Income Per Capita (2017 PPP$) (2001),38719.04616
Gross National Income Per Capita (2017 PPP$) (2002),39849.42208
Gross National Income Per Capita (2017 PPP$) (2003),41064.69224
Gross National Income Per Capita (2017 PPP$) (2004),41786.38488
Gross National Income Per Capita (2017 PPP$) (2005),42785.2434
Gross National Income Per Capita (2017 PPP$) (2006),43021.0528
Gross National Income Per Capita (2017 PPP$) (2007),43316.41229
Gross National Income Per Capita (2017 PPP$) (2008),42389.3105
Gross National Income Per Capita (2017 PPP$) (2009),40680.05753
Gross National Income Per Capita (2017 PPP$) (2010),41666.51526
Gross National Income Per Capita (2017 PPP$) (2011),41872.23405
Gross National Income Per Capita (2017 PPP$) (2012),41700.4797
Gross National Income Per Capita (2017 PPP$) (2013),42026.76323
Gross National Income Per Capita (2017 PPP$) (2014),43236.64235
Gross National Income Per Capita (2017 PPP$) (2015),44136.35045
Gross National Income Per Capita (2017 PPP$) (2016),44729.56153
Gross National Income Per Capita (2017 PPP$) (2017),45771.00186
Gross National Income Per Capita (2017 PPP$) (2018),46225.87833
Gross National Income Per Capita (2017 PPP$) (2019),47251.76897
Gross National Income Per Capita (2017 PPP$) (2020),42374.7622
Gross National Income Per Capita (2017 PPP$) (2021),45224.76564
GDI Group (2021),1
Gender Development Index (value) (1990),.97
Gender Development Index (value) (1991),.97
Gender Development Index (value) (1992),.969
Gender Development Index (value) (1993),.97
Gender Development Index (value) (1994),.971
Gender Development Index (value) (1995),.97
Gender Development Index (value) (1996),.972
Gender Development Index (value) (1997),.972
Gender Development Index (value) (1998),.979
Gender Development Index (value) (1999),.974
Gender Development Index (value) (2000),.974
Gender Development Index (value) (2001),.978
Gender Development Index (value) (2002),.975
Gender Development Index (value) (2003),.976
Gender Development Index (value) (2004),.977
Gender Development Index (value) (2005),.975
Gender Development Index (value) (2006),.977
Gender Development Index (value) (2007),.976
Gender Development Index (value) (2008),.974
Gender Development Index (value) (2009),.966
Gender Development Index (value) (2010),.964
Gender Development Index (value) (2011),.964
Gender Development Index (value) (2012),.965
Gender Development Index (value) (2013),.966
Gender Development Index (value) (2014),.98
Gender Development Index (value) (2015),.969
Gender Development Index (value) (2016),.97
Gender Development Index (value) (2017),.972
Gender Development Index (value) (2018),.972
Gender Development Index (value) (2019),.974
Gender Development Index (value) (2020),.987
Gender Development Index (value) (2021),.987
HDI female (1990),.7896305158428665
HDI female (1991),.7938540099824061
HDI female (1992),.8010395126087825
HDI female (1993),.805441803989731
HDI female (1994),.8139445151065774
HDI female (1995),.8136960020580964
HDI female (1996),.8197262034999019
HDI female (1997),.8277302840190338
HDI female (1998),.8381111321723658
HDI female (1999),.841383480241117
HDI female (2000),.8490581921683377
HDI female (2001),.8569185181289035
HDI female (2002),.8603101036431939
HDI female (2003),.8651617544797244
HDI female (2004),.8772121989597694
HDI female (2005),.8831401171580751
HDI female (2006),.8829764367350051
HDI female (2007),.884955463521313
HDI female (2008),.8873721633751203
HDI female (2009),.8867272778273289
HDI female (2010),.8923781899049441
HDI female (2011),.8883786196623505
HDI female (2012),.8899230730589301
HDI female (2013),.9030504437029827
HDI female (2014),.9137031075055633
HDI female (2015),.906733596472009
HDI female (2016),.910468878799905
HDI female (2017),.9147349142499498
HDI female (2018),.9140974546347954
HDI female (2019),.9206795372159015
HDI female (2020),.9168400754583437
HDI female (2021),.9215944681735455
"Life Expectancy at Birth, female (years) (1990)",78.504
"Life Expectancy at Birth, female (years) (1991)",78.61360000000001
"Life Expectancy at Birth, female (years) (1992)",78.9624
"Life Expectancy at Birth, female (years) (1993)",78.7679
"Life Expectancy at Birth, female (years) (1994)",79.307
"Life Expectancy at Birth, female (years) (1995)",79.1863
"Life Expectancy at Birth, female (years) (1996)",79.4034
"Life Expectancy at Birth, female (years) (1997)",79.5821
"Life Expectancy at Birth, female (years) (1998)",79.7145
"Life Expectancy at Birth, female (years) (1999)",79.7611
"Life Expectancy at Birth, female (years) (2000)",80.1942
"Life Expectancy at Birth, female (years) (2001)",80.4203
"Life Expectancy at Birth, female (years) (2002)",80.5162
"Life Expectancy at Birth, female (years) (2003)",80.4883
"Life Expectancy at Birth, female (years) (2004)",81.05880000000001
"Life Expectancy at Birth, female (years) (2005)",81.1966
"Life Expectancy at Birth, female (years) (2006)",81.47790000000001
"Life Expectancy at Birth, female (years) (2007)",81.62350000000001
"Life Expectancy at Birth, female (years) (2008)",81.6794
"Life Expectancy at Birth, female (years) (2009)",82.2004
"Life Expectancy at Birth, female (years) (2010)",82.34229999999999
"Life Expectancy at Birth, female (years) (2011)",82.7273
"Life Expectancy at Birth, female (years) (2012)",82.6729
"Life Expectancy at Birth, female (years) (2013)",82.77630000000001
"Life Expectancy at Birth, female (years) (2014)",82.9922
"Life Expectancy at Birth, female (years) (2015)",82.7336
"Life Expectancy at Birth, female (years) (2016)",82.8798
"Life Expectancy at Birth, female (years) (2017)",82.99250000000001
"Life Expectancy at Birth, female (years) (2018)",82.95059999999999
"Life Expectancy at Birth, female (years) (2019)",83.4731
"Life Expectancy at Birth, female (years) (2020)",82.4483
"Life Expectancy at Birth, female (years) (2021)",82.7722
"Expected Years of Schooling, female (years) (1990)",13.71504021
"Expected Years of Schooling, female (years) (1991)",14.02073956
"Expected Years of Schooling, female (years) (1992)",14.36728001
"Expected Years of Schooling, female (years) (1993)",14.58941507
"Expected Years of Schooling, female (years) (1994)",14.81155014
"Expected Years of Schooling, female (years) (1995)",15.03368521
"Expected Years of Schooling, female (years) (1996)",15.25582027
"Expected Years of Schooling, female (years) (1997)",15.47795534
"Expected Years of Schooling, female (years) (1998)",15.70009041
"Expected Years of Schooling, female (years) (1999)",16.09020042
"Expected Years of Schooling, female (years) (2000)",16.37758064
"Expected Years of Schooling, female (years) (2001)",16.44001961
"Expected Years of Schooling, female (years) (2002)",16.45631981
"Expected Years of Schooling, female (years) (2003)",16.54624939
"Expected Years of Schooling, female (years) (2004)",17.04762077
"Expected Years of Schooling, female (years) (2005)",17.14817047
"Expected Years of Schooling, female (years) (2006)",16.61420059
"Expected Years of Schooling, female (years) (2007)",16.37132072
"Expected Years of Schooling, female (years) (2008)",16.42824936
"Expected Years of Schooling, female (years) (2009)",16.5503006
"Expected Years of Schooling, female (years) (2010)",16.74864006
"Expected Years of Schooling, female (years) (2011)",16.12767982
"Expected Years of Schooling, female (years) (2012)",16.05179977
"Expected Years of Schooling, female (years) (2013)",18.12149048
"Expected Years of Schooling, female (years) (2014)",17.94940948
"Expected Years of Schooling, female (years) (2015)",17.77129936
"Expected Years of Schooling, female (years) (2016)",17.87632942
"Expected Years of Schooling, female (years) (2017)",17.98135948
"Expected Years of Schooling, female (years) (2018)",17.73712921
"Expected Years of Schooling, female (years) (2019)",17.82233047
"Expected Years of Schooling, female (years) (2020)",17.82233047
"Expected Years of Schooling, female (years) (2021)",17.82233047
"Mean Years of Schooling, female (years) (1990)",9.625041302
"Mean Years of Schooling, female (years) (1991)",9.702264725999999
"Mean Years of Schooling, female (years) (1992)",9.779488150000001
"Mean Years of Schooling, female (years) (1993)",9.900341922000001
"Mean Years of Schooling, female (years) (1994)",9.978968066
"Mean Years of Schooling, female (years) (1995)",10.05759421
"Mean Years of Schooling, female (years) (1996)",10.1820856
"Mean Years of Schooling, female (years) (1997)",10.306577
"Mean Years of Schooling, female (years) (1998)",10.43106839
"Mean Years of Schooling, female (years) (1999)",10.55555979
"Mean Years of Schooling, female (years) (2000)",10.68005118
"Mean Years of Schooling, female (years) (2001)",10.91156149
"Mean Years of Schooling, female (years) (2002)",11.1430718
"Mean Years of Schooling, female (years) (2003)",11.37458212
"Mean Years of Schooling, female (years) (2004)",11.60609243
"Mean Years of Schooling, female (years) (2005)",11.83760274
"Mean Years of Schooling, female (years) (2006)",12.12371454
"Mean Years of Schooling, female (years) (2007)",12.40982634
"Mean Years of Schooling, female (years) (2008)",12.69593814
"Mean Years of Schooling, female (years) (2009)",12.98204994
"Mean Years of Schooling, female (years) (2010)",13.11940956
"Mean Years of Schooling, female (years) (2011)",13.08041
"Mean Years of Schooling, female (years) (2012)",13.27081966
"Mean Years of Schooling, female (years) (2013)",12.74895
"Mean Years of Schooling, female (years) (2014)",12.83813
"Mean Years of Schooling, female (years) (2015)",12.94383653
"Mean Years of Schooling, female (years) (2016)",13.04954306
"Mean Years of Schooling, female (years) (2017)",13.1552496
"Mean Years of Schooling, female (years) (2018)",13.25349967
"Mean Years of Schooling, female (years) (2019)",13.35174974
"Mean Years of Schooling, female (years) (2020)",13.44999981
"Mean Years of Schooling, female (years) (2021)",13.44999981
"Gross National Income Per Capita, female (2017 PPP$) (1990)",21926.26000817947
"Gross National Income Per Capita, female (2017 PPP$) (1991)",21738.56001918098
"Gross National Income Per Capita, female (2017 PPP$) (1992)",22196.47481128455
"Gross National Income Per Capita, female (2017 PPP$) (1993)",22920.62592042833
"Gross National Income Per Capita, female (2017 PPP$) (1994)",24218.35170370534
"Gross National Income Per Capita, female (2017 PPP$) (1995)",22864.37225330006
"Gross National Income Per Capita, female (2017 PPP$) (1996)",23458.74722730599
"Gross National Income Per Capita, female (2017 PPP$) (1997)",25137.36839991568
"Gross National Income Per Capita, female (2017 PPP$) (1998)",28396.75123121162
"Gross National Income Per Capita, female (2017 PPP$) (1999)",27137.41451070894
"Gross National Income Per Capita, female (2017 PPP$) (2000)",27852.55701105633
"Gross National Income Per Capita, female (2017 PPP$) (2001)",29836.13950499972
"Gross National Income Per Capita, female (2017 PPP$) (2002)",29884.92124877276
"Gross National Income Per Capita, female (2017 PPP$) (2003)",30768.41688374916
"Gross National Income Per Capita, female (2017 PPP$) (2004)",31890.00956273176
"Gross National Income Per Capita, female (2017 PPP$) (2005)",32960.95267278334
"Gross National Income Per Capita, female (2017 PPP$) (2006)",33106.90280085761
"Gross National Income Per Capita, female (2017 PPP$) (2007)",33305.91706055278
"Gross National Income Per Capita, female (2017 PPP$) (2008)",32264.30789018176
"Gross National Income Per Capita, female (2017 PPP$) (2009)",27891.24043846186
"Gross National Income Per Capita, female (2017 PPP$) (2010)",28761.78315367217
"Gross National Income Per Capita, female (2017 PPP$) (2011)",28904.96440800485
"Gross National Income Per Capita, female (2017 PPP$) (2012)",29123.88535856778
"Gross National Income Per Capita, female (2017 PPP$) (2013)",29407.055386494
"Gross National Income Per Capita, female (2017 PPP$) (2014)",34946.73148590507
"Gross National Income Per Capita, female (2017 PPP$) (2015)",31634.56520485294
"Gross National Income Per Capita, female (2017 PPP$) (2016)",32181.00018608813
"Gross National Income Per Capita, female (2017 PPP$) (2017)",33177.64633107176
"Gross National Income Per Capita, female (2017 PPP$) (2018)",33633.78626096931
"Gross National Income Per Capita, female (2017 PPP$) (2019)",35016.16309244923
"Gross National Income Per Capita, female (2017 PPP$) (2020)",35208.75365696189
"Gross National Income Per Capita, female (2017 PPP$) (2021)",37374.45050590116
HDI male (1990),.8142943802316642
HDI male (1991),.8187527422602088
HDI male (1992),.8262614421701582
HDI male (1993),.8299674129060707
HDI male (1994),.8383337539354255
HDI male (1995),.8384580340925866
HDI male (1996),.8433152299542851
HDI male (1997),.851700072387639
HDI male (1998),.8559060523567662
HDI male (1999),.8641196457641735
HDI male (2000),.8715573711738616
HDI male (2001),.876143162100848
HDI male (2002),.8819738079826331
HDI male (2003),.8864444462345203
HDI male (2004),.8982557533733497
HDI male (2005),.9055799881273779
HDI male (2006),.9037321939376249
HDI male (2007),.9064208401004424
HDI male (2008),.9107865115069945
HDI male (2009),.9184046374034734
HDI male (2010),.9252491594370297
HDI male (2011),.9212506323253823
HDI male (2012),.9225461883856453
HDI male (2013),.9352963027647656
HDI male (2014),.9325577866470722
HDI male (2015),.9359062126381934
HDI male (2016),.9387216608799404
HDI male (2017),.9415642789486987
HDI male (2018),.9400428765714195
HDI male (2019),.9450646065567347
HDI male (2020),.9290563608561844
HDI male (2021),.9339328795224024
"Life Expectancy at Birth, male (years) (1990)",72.8411
"Life Expectancy at Birth, male (years) (1991)",73.0805
"Life Expectancy at Birth, male (years) (1992)",73.51179999999999
"Life Expectancy at Birth, male (years) (1993)",73.441
"Life Expectancy at Birth, male (years) (1994)",73.9952
"Life Expectancy at Birth, male (years) (1995)",73.9243
"Life Expectancy at Birth, male (years) (1996)",74.2187
"Life Expectancy at Birth, male (years) (1997)",74.5658
"Life Expectancy at Birth, male (years) (1998)",74.7141
"Life Expectancy at Birth, male (years) (1999)",74.8715
"Life Expectancy at Birth, male (years) (2000)",75.3775
"Life Expectancy at Birth, male (years) (2001)",75.69329999999999
"Life Expectancy at Birth, male (years) (2002)",75.846
"Life Expectancy at Birth, male (years) (2003)",76.0625
"Life Expectancy at Birth, male (years) (2004)",76.6253
"Life Expectancy at Birth, male (years) (2005)",76.9036
"Life Expectancy at Birth, male (years) (2006)",77.11360000000001
"Life Expectancy at Birth, male (years) (2007)",77.352
"Life Expectancy at Birth, male (years) (2008)",77.5504
"Life Expectancy at Birth, male (years) (2009)",78.0269
"Life Expectancy at Birth, male (years) (2010)",78.35720000000001
"Life Expectancy at Birth, male (years) (2011)",78.77849999999999
"Life Expectancy at Birth, male (years) (2012)",78.96720000000001
"Life Expectancy at Birth, male (years) (2013)",79.0043
"Life Expectancy at Birth, male (years) (2014)",79.2516
"Life Expectancy at Birth, male (years) (2015)",79.0587
"Life Expectancy at Birth, male (years) (2016)",79.2139
"Life Expectancy at Birth, male (years) (2017)",79.30159999999999
"Life Expectancy at Birth, male (years) (2018)",79.2655
"Life Expectancy at Birth, male (years) (2019)",79.931
"Life Expectancy at Birth, male (years) (2020)",78.4319
"Life Expectancy at Birth, male (years) (2021)",78.71680000000001
"Expected Years of Schooling, male (years) (1990)",13.59834957
"Expected Years of Schooling, male (years) (1991)",13.83728981
"Expected Years of Schooling, male (years) (1992)",14.18760967
"Expected Years of Schooling, male (years) (1993)",14.38737981
"Expected Years of Schooling, male (years) (1994)",14.58714994
"Expected Years of Schooling, male (years) (1995)",14.78692007
"Expected Years of Schooling, male (years) (1996)",14.9866902
"Expected Years of Schooling, male (years) (1997)",15.18646034
"Expected Years of Schooling, male (years) (1998)",15.38623047
"Expected Years of Schooling, male (years) (1999)",15.69353962
"Expected Years of Schooling, male (years) (2000)",15.81896973
"Expected Years of Schooling, male (years) (2001)",15.80060959
"Expected Years of Schooling, male (years) (2002)",15.75699997
"Expected Years of Schooling, male (years) (2003)",15.61940956
"Expected Years of Schooling, male (years) (2004)",16.04533005
"Expected Years of Schooling, male (years) (2005)",16.11359978
"Expected Years of Schooling, male (years) (2006)",15.51751995
"Expected Years of Schooling, male (years) (2007)",15.3628397
"Expected Years of Schooling, male (years) (2008)",15.51095009
"Expected Years of Schooling, male (years) (2009)",15.67778015
"Expected Years of Schooling, male (years) (2010)",15.97811031
"Expected Years of Schooling, male (years) (2011)",15.33349037
"Expected Years of Schooling, male (years) (2012)",15.29671955
"Expected Years of Schooling, male (years) (2013)",17.14796066
"Expected Years of Schooling, male (years) (2014)",17.02395058
"Expected Years of Schooling, male (years) (2015)",16.88824081
"Expected Years of Schooling, male (years) (2016)",16.95337582
"Expected Years of Schooling, male (years) (2017)",17.01851082
"Expected Years of Schooling, male (years) (2018)",16.76346016
"Expected Years of Schooling, male (years) (2019)",16.80278015
"Expected Years of Schooling, male (years) (2020)",16.80278015
"Expected Years of Schooling, male (years) (2021)",16.80278015
"Mean Years of Schooling, male (years) (1990)",9.645838994
"Mean Years of Schooling, male (years) (1991)",9.746567391999999
"Mean Years of Schooling, male (years) (1992)",9.84729579
"Mean Years of Schooling, male (years) (1993)",9.948024188
"Mean Years of Schooling, male (years) (1994)",10.04875259
"Mean Years of Schooling, male (years) (1995)",10.14948098
"Mean Years of Schooling, male (years) (1996)",10.20422468
"Mean Years of Schooling, male (years) (1997)",10.34885528
"Mean Years of Schooling, male (years) (1998)",10.47176032
"Mean Years of Schooling, male (years) (1999)",10.59466537
"Mean Years of Schooling, male (years) (2000)",10.71757041
"Mean Years of Schooling, male (years) (2001)",10.99387383
"Mean Years of Schooling, male (years) (2002)",11.27017726
"Mean Years of Schooling, male (years) (2003)",11.54654007
"Mean Years of Schooling, male (years) (2004)",11.92098694
"Mean Years of Schooling, male (years) (2005)",12.29543381
"Mean Years of Schooling, male (years) (2006)",12.52097784
"Mean Years of Schooling, male (years) (2007)",12.74652186
"Mean Years of Schooling, male (years) (2008)",12.97206588
"Mean Years of Schooling, male (years) (2009)",13.1976099
"Mean Years of Schooling, male (years) (2010)",13.30865002
"Mean Years of Schooling, male (years) (2011)",13.30259991
"Mean Years of Schooling, male (years) (2012)",13.4078598
"Mean Years of Schooling, male (years) (2013)",12.9205904
"Mean Years of Schooling, male (years) (2014)",12.94114017
"Mean Years of Schooling, male (years) (2015)",13.0166467
"Mean Years of Schooling, male (years) (2016)",13.09215323
"Mean Years of Schooling, male (years) (2017)",13.16765976
"Mean Years of Schooling, male (years) (2018)",13.23196316
"Mean Years of Schooling, male (years) (2019)",13.29626656
"Mean Years of Schooling, male (years) (2020)",13.36056995
"Mean Years of Schooling, male (years) (2021)",13.36056995
"Gross National Income Per Capita, male (2017 PPP$) (1990)",40500.86023078264
"Gross National Income Per Capita, male (2017 PPP$) (1991)",39987.17812642207
"Gross National Income Per Capita, male (2017 PPP$) (1992)",40317.29656796287
"Gross National Income Per Capita, male (2017 PPP$) (1993)",40911.42367980976
"Gross National Income Per Capita, male (2017 PPP$) (1994)",42968.6605527455
"Gross National Income Per Capita, male (2017 PPP$) (1995)",40389.66947440439
"Gross National Income Per Capita, male (2017 PPP$) (1996)",40958.75119147832
"Gross National Income Per Capita, male (2017 PPP$) (1997)",43501.6174238109
"Gross National Income Per Capita, male (2017 PPP$) (1998)",43417.71971573786
"Gross National Income Per Capita, male (2017 PPP$) (1999)",46084.0192216143
"Gross National Income Per Capita, male (2017 PPP$) (2000)",48222.5527134404
"Gross National Income Per Capita, male (2017 PPP$) (2001)",48056.18851620068
"Gross National Income Per Capita, male (2017 PPP$) (2002)",50310.07123935245
"Gross National Income Per Capita, male (2017 PPP$) (2003)",51857.96307701697
"Gross National Income Per Capita, male (2017 PPP$) (2004)",52144.95412689554
"Gross National Income Per Capita, male (2017 PPP$) (2005)",53053.14085604759
"Gross National Income Per Capita, male (2017 PPP$) (2006)",53367.74138174534
"Gross National Income Per Capita, male (2017 PPP$) (2007)",53748.31628870848
"Gross National Income Per Capita, male (2017 PPP$) (2008)",52924.01472322026
"Gross National Income Per Capita, male (2017 PPP$) (2009)",53966.64676506005
"Gross National Income Per Capita, male (2017 PPP$) (2010)",55054.93357735165
"Gross National Income Per Capita, male (2017 PPP$) (2011)",55306.95169491797
"Gross National Income Per Capita, male (2017 PPP$) (2012)",54711.42732183289
"Gross National Income Per Capita, male (2017 PPP$) (2013)",55062.69075931316
"Gross National Income Per Capita, male (2017 PPP$) (2014)",51788.16713657906
"Gross National Income Per Capita, male (2017 PPP$) (2015)",57014.88605779967
"Gross National Income Per Capita, male (2017 PPP$) (2016)",57638.8767954315
"Gross National Income Per Capita, male (2017 PPP$) (2017)",58710.62702410827
"Gross National Income Per Capita, male (2017 PPP$) (2018)",59149.59976649222
"Gross National Income Per Capita, male (2017 PPP$) (2019)",59797.06327807483
"Gross National Income Per Capita, male (2017 PPP$) (2020)",49717.03432212131
"Gross National Income Per Capita, male (2017 PPP$) (2021)",53264.93930452938
Inequality-adjusted Human Development Index (value) (2010),.837
Inequality-adjusted Human Development Index (value) (2011),.828
Inequality-adjusted Human Development Index (value) (2012),.832
Inequality-adjusted Human Development Index (value) (2013),.85
Inequality-adjusted Human Development Index (value) (2014),.851
Inequality-adjusted Human Development Index (value) (2015),.848
Inequality-adjusted Human Development Index (value) (2016),.848
Inequality-adjusted Human Development Index (value) (2017),.856
Inequality-adjusted Human Development Index (value) (2018),.85
Inequality-adjusted Human Development Index (value) (2019),.856
Inequality-adjusted Human Development Index (value) (2020),.845
Inequality-adjusted Human Development Index (value) (2021),.85
Coefficient of human inequality (2010),7.943573306999999
Coefficient of human inequality (2011),8.529932969333332
Coefficient of human inequality (2012),8.208599495
Coefficient of human inequality (2013),7.641541917999999
Coefficient of human inequality (2014),7.687400510666667
Coefficient of human inequality (2015),7.991175935666667
Coefficient of human inequality (2016),8.249385787333333
Coefficient of human inequality (2017),7.785008024333334
Coefficient of human inequality (2018),8.231075037333333
Coefficient of human inequality (2019),8.217742352666667
Coefficient of human inequality (2020),8.229676792000001
Coefficient of human inequality (2021),8.243507930666667
Overall loss (%) (2010),8.223684210526327
Overall loss (%) (2011),8.810572687224683
Overall loss (%) (2012),8.470847084708478
Overall loss (%) (2013),7.80911062906725
Overall loss (%) (2014),7.900432900432907
Overall loss (%) (2015),8.225108225108235
Overall loss (%) (2016),8.522114347357068
Overall loss (%) (2017),7.95698924731183
Overall loss (%) (2018),8.503767491926805
Overall loss (%) (2019),8.449197860962576
Overall loss (%) (2020),8.549783549783552
Overall loss (%) (2021),8.503767491926805
Inequality in life expectancy (2010),4.283649921
Inequality in life expectancy (2011),4.203548908
Inequality in life expectancy (2012),4.028728485
Inequality in life expectancy (2013),3.891005754
Inequality in life expectancy (2014),3.903341532
Inequality in life expectancy (2015),3.889007807
Inequality in life expectancy (2016),3.906587362
Inequality in life expectancy (2017),3.872034073
Inequality in life expectancy (2018),3.875785112
Inequality in life expectancy (2019),3.835787058
Inequality in life expectancy (2020),3.871590376
Inequality in life expectancy (2021),3.913083792
Inequality in eduation (2010),2.61782
Inequality in eduation (2011),2.61782
Inequality in eduation (2012),2.78598
Inequality in eduation (2013),2.83294
Inequality in eduation (2014),2.83294
Inequality in eduation (2015),3.7586
Inequality in eduation (2016),3.74374
Inequality in eduation (2017),2.73404
Inequality in eduation (2018),2.84785
Inequality in eduation (2019),2.84785
Inequality in eduation (2020),2.84785
Inequality in eduation (2021),2.84785
Inequality in income (2010),16.92925
Inequality in income (2011),18.76843
Inequality in income (2012),17.81109
Inequality in income (2013),16.20068
Inequality in income (2014),16.32592
Inequality in income (2015),16.32592
Inequality in income (2016),17.09783
Inequality in income (2017),16.74895
Inequality in income (2018),17.96959
Inequality in income (2019),17.96959
Inequality in income (2020),17.96959
Inequality in income (2021),17.96959
GII Rank (2021),27
Gender Inequality Index (value) (1990),.255
Gender Inequality Index (value) (1991),.254
Gender Inequality Index (value) (1992),.25
Gender Inequality Index (value) (1993),.244
Gender Inequality Index (value) (1994),.238
Gender Inequality Index (value) (1995),.235
Gender Inequality Index (value) (1996),.237
Gender Inequality Index (value) (1997),.238
Gender Inequality Index (value) (1998),.24
Gender Inequality Index (value) (1999),.236
Gender Inequality Index (value) (2000),.21
Gender Inequality Index (value) (2001),.212
Gender Inequality Index (value) (2002),.209
Gender Inequality Index (value) (2003),.208
Gender Inequality Index (value) (2004),.205
Gender Inequality Index (value) (2005),.202
Gender Inequality Index (value) (2006),.199
Gender Inequality Index (value) (2007),.197
Gender Inequality Index (value) (2008),.197
Gender Inequality Index (value) (2009),.186
Gender Inequality Index (value) (2010),.179
Gender Inequality Index (value) (2011),.169
Gender Inequality Index (value) (2012),.162
Gender Inequality Index (value) (2013),.153
Gender Inequality Index (value) (2014),.144
Gender Inequality Index (value) (2015),.13
Gender Inequality Index (value) (2016),.125
Gender Inequality Index (value) (2017),.117
Gender Inequality Index (value) (2018),.112
Gender Inequality Index (value) (2019),.106
Gender Inequality Index (value) (2020),.1
Gender Inequality Index (value) (2021),.098
"Maternal Mortality Ratio (deaths per 100,000 live births) (1990)",9
"Maternal Mortality Ratio (deaths per 100,000 live births) (1991)",9
"Maternal Mortality Ratio (deaths per 100,000 live births) (1992)",9
"Maternal Mortality Ratio (deaths per 100,000 live births) (1993)",10
"Maternal Mortality Ratio (deaths per 100,000 live births) (1994)",10
"Maternal Mortality Ratio (deaths per 100,000 live births) (1995)",10
"Maternal Mortality Ratio (deaths per 100,000 live births) (1996)",10
"Maternal Mortality Ratio (deaths per 100,000 live births) (1997)",10
"Maternal Mortality Ratio (deaths per 100,000 live births) (1998)",10
"Maternal Mortality Ratio (deaths per 100,000 live births) (1999)",10
"Maternal Mortality Ratio (deaths per 100,000 live births) (2000)",10
"Maternal Mortality Ratio (deaths per 100,000 live births) (2001)",11
"Maternal Mortality Ratio (deaths per 100,000 live births) (2002)",11
"Maternal Mortality Ratio (deaths per 100,000 live births) (2003)",11
"Maternal Mortality Ratio (deaths per 100,000 live births) (2004)",11
"Maternal Mortality Ratio (deaths per 100,000 live births) (2005)",11
"Maternal Mortality Ratio (deaths per 100,000 live births) (2006)",11
"Maternal Mortality Ratio (deaths per 100,000 live births) (2007)",11
"Maternal Mortality Ratio (deaths per 100,000 live births) (2008)",11
"Maternal Mortality Ratio (deaths per 100,000 live births) (2009)",10
"Maternal Mortality Ratio (deaths per 100,000 live births) (2010)",10
"Maternal Mortality Ratio (deaths per 100,000 live births) (2011)",9
"Maternal Mortality Ratio (deaths per 100,000 live births) (2012)",8
"Maternal Mortality Ratio (deaths per 100,000 live births) (2013)",8
"Maternal Mortality Ratio (deaths per 100,000 live births) (2014)",8
"Maternal Mortality Ratio (deaths per 100,000 live births) (2015)",8
"Maternal Mortality Ratio (deaths per 100,000 live births) (2016)",7
"Maternal Mortality Ratio (deaths per 100,000 live births) (2017)",7
"Maternal Mortality Ratio (deaths per 100,000 live births) (2018)",7
"Maternal Mortality Ratio (deaths per 100,000 live births) (2019)",7
"Maternal Mortality Ratio (deaths per 100,000 live births) (2020)",7
"Maternal Mortality Ratio (deaths per 100,000 live births) (2021)",7
"Adolescent Birth Rate (births per 1,000 women ages 15-19) (1990)",34.556
"Adolescent Birth Rate (births per 1,000 women ages 15-19) (1991)",34.432
"Adolescent Birth Rate (births per 1,000 women ages 15-19) (1992)",32.916
"Adolescent Birth Rate (births per 1,000 women ages 15-19) (1993)",31.115
"Adolescent Birth Rate (births per 1,000 women ages 15-19) (1994)",28.795
"Adolescent Birth Rate (births per 1,000 women ages 15-19) (1995)",27.683
"Adolescent Birth Rate (births per 1,000 women ages 15-19) (1996)",28.801
"Adolescent Birth Rate (births per 1,000 women ages 15-19) (1997)",29.634
"Adolescent Birth Rate (births per 1,000 women ages 15-19) (1998)",30.668
"Adolescent Birth Rate (births per 1,000 women ages 15-19) (1999)",30.752
"Adolescent Birth Rate (births per 1,000 women ages 15-19) (2000)",29.058
"Adolescent Birth Rate (births per 1,000 women ages 15-19) (2001)",27.635
"Adolescent Birth Rate (births per 1,000 women ages 15-19) (2002)",26.677
"Adolescent Birth Rate (births per 1,000 women ages 15-19) (2003)",26.597
"Adolescent Birth Rate (births per 1,000 women ages 15-19) (2004)",26.48
"Adolescent Birth Rate (births per 1,000 women ages 15-19) (2005)",26.313
"Adolescent Birth Rate (births per 1,000 women ages 15-19) (2006)",26.256
"Adolescent Birth Rate (births per 1,000 women ages 15-19) (2007)",26.1
"Adolescent Birth Rate (births per 1,000 women ages 15-19) (2008)",25.985
"Adolescent Birth Rate (births per 1,000 women ages 15-19) (2009)",25.106
"Adolescent Birth Rate (births per 1,000 women ages 15-19) (2010)",23.861
"Adolescent Birth Rate (births per 1,000 women ages 15-19) (2011)",21.739
"Adolescent Birth Rate (births per 1,000 women ages 15-19) (2012)",20.225
"Adolescent Birth Rate (births per 1,000 women ages 15-19) (2013)",17.817
"Adolescent Birth Rate (births per 1,000 women ages 15-19) (2014)",15.983
"Adolescent Birth Rate (births per 1,000 women ages 15-19) (2015)",14.857
"Adolescent Birth Rate (births per 1,000 women ages 15-19) (2016)",14.162
"Adolescent Birth Rate (births per 1,000 women ages 15-19) (2017)",13.141
"Adolescent Birth Rate (births per 1,000 women ages 15-19) (2018)",12.338
"Adolescent Birth Rate (births per 1,000 women ages 15-19) (2019)",11.342
"Adolescent Birth Rate (births per 1,000 women ages 15-19) (2020)",10.645
"Adolescent Birth Rate (births per 1,000 women ages 15-19) (2021)",10.541
"Share of seats in parliament, female (% held by women) (1990)",11.57834101
"Share of seats in parliament, female (% held by women) (1991)",11.57834101
"Share of seats in parliament, female (% held by women) (1992)",11.57834101
"Share of seats in parliament, female (% held by women) (1993)",11.57834101
"Share of seats in parliament, female (% held by women) (1994)",11.57834101
"Share of seats in parliament, female (% held by women) (1995)",11.57834101
"Share of seats in parliament, female (% held by women) (1996)",11.57834101
"Share of seats in parliament, female (% held by women) (1997)",11.57834101
"Share of seats in parliament, female (% held by women) (1998)",11.57834101
"Share of seats in parliament, female (% held by women) (1999)",12.28070175
"Share of seats in parliament, female (% held by women) (2000)",16.98113208
"Share of seats in parliament, female (% held by women) (2001)",17.12827988
"Share of seats in parliament, female (% held by women) (2002)",17.12827988
"Share of seats in parliament, female (% held by women) (2003)",17.29041916
"Share of seats in parliament, female (% held by women) (2004)",17.93557833
"Share of seats in parliament, female (% held by women) (2005)",18.50768105
"Share of seats in parliament, female (% held by women) (2006)",19.2555476
"Share of seats in parliament, female (% held by women) (2007)",19.62750716
"Share of seats in parliament, female (% held by women) (2008)",19.61206897
"Share of seats in parliament, female (% held by women) (2009)",19.76828385
"Share of seats in parliament, female (% held by women) (2010)",20.96890817
"Share of seats in parliament, female (% held by women) (2011)",22.0717671
"Share of seats in parliament, female (% held by women) (2012)",22.55319149
"Share of seats in parliament, female (% held by women) (2013)",22.55319149
"Share of seats in parliament, female (% held by women) (2014)",23.02309307
"Share of seats in parliament, female (% held by women) (2015)",26.74581006
"Share of seats in parliament, female (% held by women) (2016)",27.3480663
"Share of seats in parliament, female (% held by women) (2017)",28.52233677
"Share of seats in parliament, female (% held by women) (2018)",28.93823734
"Share of seats in parliament, female (% held by women) (2019)",28.90896456
"Share of seats in parliament, female (% held by women) (2020)",29.96539792
"Share of seats in parliament, female (% held by women) (2021)",31.08013937
"Share of seats in parliament, male (% held by men) (1990)",88.42165899
"Share of seats in parliament, male (% held by men) (1991)",88.42165899
"Share of seats in parliament, male (% held by men) (1992)",88.42165899
"Share of seats in parliament, male (% held by men) (1993)",88.42165899
"Share of seats in parliament, male (% held by men) (1994)",88.42165899
"Share of seats in parliament, male (% held by men) (1995)",88.42165899
"Share of seats in parliament, male (% held by men) (1996)",88.42165899
"Share of seats in parliament, male (% held by men) (1997)",88.42165899
"Share of seats in parliament, male (% held by men) (1998)",88.42165899
"Share of seats in parliament, male (% held by men) (1999)",87.71929824999999
"Share of seats in parliament, male (% held by men) (2000)",83.01886792000001
"Share of seats in parliament, male (% held by men) (2001)",82.87172012000001
"Share of seats in parliament, male (% held by men) (2002)",82.87172012000001
"Share of seats in parliament, male (% held by men) (2003)",82.70958084
"Share of seats in parliament, male (% held by men) (2004)",82.06442167
"Share of seats in parliament, male (% held by men) (2005)",81.49231895
"Share of seats in parliament, male (% held by men) (2006)",80.7444524
"Share of seats in parliament, male (% held by men) (2007)",80.37249284000001
"Share of seats in parliament, male (% held by men) (2008)",80.38793103
"Share of seats in parliament, male (% held by men) (2009)",80.23171615
"Share of seats in parliament, male (% held by men) (2010)",79.03109182999999
"Share of seats in parliament, male (% held by men) (2011)",77.9282329
"Share of seats in parliament, male (% held by men) (2012)",77.44680851
"Share of seats in parliament, male (% held by men) (2013)",77.44680851
"Share of seats in parliament, male (% held by men) (2014)",76.97690693
"Share of seats in parliament, male (% held by men) (2015)",73.25418994
"Share of seats in parliament, male (% held by men) (2016)",72.6519337
"Share of seats in parliament, male (% held by men) (2017)",71.47766323
"Share of seats in parliament, male (% held by men) (2018)",71.06176266
"Share of seats in parliament, male (% held by men) (2019)",71.09103544
"Share of seats in parliament, male (% held by men) (2020)",70.03460208
"Share of seats in parliament, male (% held by men) (2021)",68.91986063
"Labour force participation rate, female (% ages 15 and older) (1990)",52.497
"Labour force participation rate, female (% ages 15 and older) (1991)",52.318
"Labour force participation rate, female (% ages 15 and older) (1992)",52.47
"Labour force participation rate, female (% ages 15 and older) (1993)",52.543
"Labour force participation rate, female (% ages 15 and older) (1994)",52.589
"Labour force participation rate, female (% ages 15 and older) (1995)",52.562
"Labour force participation rate, female (% ages 15 and older) (1996)",52.995
"Labour force participation rate, female (% ages 15 and older) (1997)",53.398
"Labour force participation rate, female (% ages 15 and older) (1998)",53.429
"Labour force participation rate, female (% ages 15 and older) (1999)",53.791
"Labour force participation rate, female (% ages 15 and older) (2000)",54.193
"Labour force participation rate, female (% ages 15 and older) (2001)",54.085
"Labour force participation rate, female (% ages 15 and older) (2002)",54.647
"Labour force participation rate, female (% ages 15 and older) (2003)",54.562
"Labour force participation rate, female (% ages 15 and older) (2004)",54.926
"Labour force participation rate, female (% ages 15 and older) (2005)",55.39
"Labour force participation rate, female (% ages 15 and older) (2006)",55.894
"Labour force participation rate, female (% ages 15 and older) (2007)",55.674
"Labour force participation rate, female (% ages 15 and older) (2008)",55.957
"Labour force participation rate, female (% ages 15 and older) (2009)",56.14
"Labour force participation rate, female (% ages 15 and older) (2010)",56.056
"Labour force participation rate, female (% ages 15 and older) (2011)",56.195
"Labour force participation rate, female (% ages 15 and older) (2012)",56.403
"Labour force participation rate, female (% ages 15 and older) (2013)",56.749
"Labour force participation rate, female (% ages 15 and older) (2014)",57.019
"Labour force participation rate, female (% ages 15 and older) (2015)",57.197
"Labour force participation rate, female (% ages 15 and older) (2016)",57.495
"Labour force participation rate, female (% ages 15 and older) (2017)",57.79
"Labour force participation rate, female (% ages 15 and older) (2018)",58.026
"Labour force participation rate, female (% ages 15 and older) (2019)",58.461
"Labour force participation rate, female (% ages 15 and older) (2020)",58.603
"Labour force participation rate, female (% ages 15 and older) (2021)",58.044
"Labour force participation rate, male (% ages 15 and older) (1990)",74.43600000000001
"Labour force participation rate, male (% ages 15 and older) (1991)",73.857
"Labour force participation rate, male (% ages 15 and older) (1992)",73.151
"Labour force participation rate, male (% ages 15 and older) (1993)",72.011
"Labour force participation rate, male (% ages 15 and older) (1994)",71.67100000000001
"Labour force participation rate, male (% ages 15 and older) (1995)",71.345
"Labour force participation rate, male (% ages 15 and older) (1996)",71.09999999999999
"Labour force participation rate, male (% ages 15 and older) (1997)",71.011
"Labour force participation rate, male (% ages 15 and older) (1998)",70.761
"Labour force participation rate, male (% ages 15 and older) (1999)",70.172
"Labour force participation rate, male (% ages 15 and older) (2000)",70.224
"Labour force participation rate, male (% ages 15 and older) (2001)",69.57599999999999
"Labour force participation rate, male (% ages 15 and older) (2002)",69.449
"Labour force participation rate, male (% ages 15 and older) (2003)",69.706
"Labour force participation rate, male (% ages 15 and older) (2004)",69.29600000000001
"Labour force participation rate, male (% ages 15 and older) (2005)",69.58799999999999
"Labour force participation rate, male (% ages 15 and older) (2006)",69.902
"Labour force participation rate, male (% ages 15 and older) (2007)",69.77
"Labour force participation rate, male (% ages 15 and older) (2008)",69.953
"Labour force participation rate, male (% ages 15 and older) (2009)",69.337
"Labour force participation rate, male (% ages 15 and older) (2010)",68.983
"Labour force participation rate, male (% ages 15 and older) (2011)",68.78400000000001
"Labour force participation rate, male (% ages 15 and older) (2012)",68.86199999999999
"Labour force participation rate, male (% ages 15 and older) (2013)",68.756
"Labour force participation rate, male (% ages 15 and older) (2014)",68.607
"Labour force participation rate, male (% ages 15 and older) (2015)",68.556
"Labour force participation rate, male (% ages 15 and older) (2016)",68.626
"Labour force participation rate, male (% ages 15 and older) (2017)",68.25
"Labour force participation rate, male (% ages 15 and older) (2018)",68.345
"Labour force participation rate, male (% ages 15 and older) (2019)",68.172
"Labour force participation rate, male (% ages 15 and older) (2020)",67.16200000000001
"Labour force participation rate, male (% ages 15 and older) (2021)",67.09099999999999
Difference from HDI rank (2021),15
Planetary pressures-adjusted Human Development Index (value) (1990),.665
Planetary pressures-adjusted Human Development Index (value) (1991),.669
Planetary pressures-adjusted Human Development Index (value) (1992),.677
Planetary pressures-adjusted Human Development Index (value) (1993),.6820000000000001
Planetary pressures-adjusted Human Development Index (value) (1994),.6879999999999999
Planetary pressures-adjusted Human Development Index (value) (1995),.6899999999999999
Planetary pressures-adjusted Human Development Index (value) (1996),.694
Planetary pressures-adjusted Human Development Index (value) (1997),.699
Planetary pressures-adjusted Human Development Index (value) (1998),.7
Planetary pressures-adjusted Human Development Index (value) (1999),.709
Planetary pressures-adjusted Human Development Index (value) (2000),.712
Planetary pressures-adjusted Human Development Index (value) (2001),.716
Planetary pressures-adjusted Human Development Index (value) (2002),.725
Planetary pressures-adjusted Human Development Index (value) (2003),.732
Planetary pressures-adjusted Human Development Index (value) (2004),.738
Planetary pressures-adjusted Human Development Index (value) (2005),.737
Planetary pressures-adjusted Human Development Index (value) (2006),.734
Planetary pressures-adjusted Human Development Index (value) (2007),.745
Planetary pressures-adjusted Human Development Index (value) (2008),.76
Planetary pressures-adjusted Human Development Index (value) (2009),.781
Planetary pressures-adjusted Human Development Index (value) (2010),.786
Planetary pressures-adjusted Human Development Index (value) (2011),.786
Planetary pressures-adjusted Human Development Index (value) (2012),.783
Planetary pressures-adjusted Human Development Index (value) (2013),.796
Planetary pressures-adjusted Human Development Index (value) (2014),.797
Planetary pressures-adjusted Human Development Index (value) (2015),.799
Planetary pressures-adjusted Human Development Index (value) (2016),.8080000000000001
Planetary pressures-adjusted Human Development Index (value) (2017),.8120000000000001
Planetary pressures-adjusted Human Development Index (value) (2018),.8129999999999999
Planetary pressures-adjusted Human Development Index (value) (2019),.82
Planetary pressures-adjusted Human Development Index (value) (2020),.8149999999999999
Planetary pressures-adjusted Human Development Index (value) (2021),.819
Difference from HDI value (%) (1990),17.28855721393035
Difference from HDI value (%) (1991),17.30531520395549
Difference from HDI value (%) (1992),17.03431372549018
Difference from HDI value (%) (1993),16.82926829268292
Difference from HDI value (%) (1994),16.90821256038647
Difference from HDI value (%) (1995),16.66666666666667
Difference from HDI value (%) (1996),16.78657074340528
Difference from HDI value (%) (1997),16.9833729216152
Difference from HDI value (%) (1998),17.45283018867925
Difference from HDI value (%) (1999),17.07602339181287
Difference from HDI value (%) (2000),17.40139211136891
Difference from HDI value (%) (2001),17.51152073732719
Difference from HDI value (%) (2002),16.95303550973655
Difference from HDI value (%) (2003),16.62870159453303
Difference from HDI value (%) (2004),16.98537682789652
Difference from HDI value (%) (2005),17.65363128491621
Difference from HDI value (%) (2006),17.89709172259508
Difference from HDI value (%) (2007),16.9453734671126
Difference from HDI value (%) (2008),15.55555555555556
Difference from HDI value (%) (2009),13.79690949227373
Difference from HDI value (%) (2010),13.81578947368421
Difference from HDI value (%) (2011),13.43612334801763
Difference from HDI value (%) (2012),13.86138613861386
Difference from HDI value (%) (2013),13.66594360086768
Difference from HDI value (%) (2014),13.74458874458875
Difference from HDI value (%) (2015),13.52813852813852
Difference from HDI value (%) (2016),12.83710895361381
Difference from HDI value (%) (2017),12.68817204301075
Difference from HDI value (%) (2018),12.48654467169
Difference from HDI value (%) (2019),12.29946524064172
Difference from HDI value (%) (2020),11.79653679653681
Difference from HDI value (%) (2021),11.84068891280948
Carbon dioxide emissions per capita (production) (tonnes) (1990),10.50757503
Carbon dioxide emissions per capita (production) (tonnes) (1991),10.620043
Carbon dioxide emissions per capita (production) (tonnes) (1992),10.32070846
Carbon dioxide emissions per capita (production) (tonnes) (1993),10.04535341
Carbon dioxide emissions per capita (production) (tonnes) (1994),9.94818551
Carbon dioxide emissions per capita (production) (tonnes) (1995),9.779803385999999
Carbon dioxide emissions per capita (production) (tonnes) (1996),10.12134914
Carbon dioxide emissions per capita (production) (tonnes) (1997),9.644299677999999
Carbon dioxide emissions per capita (production) (tonnes) (1998),9.700911848000001
Carbon dioxide emissions per capita (production) (tonnes) (1999),9.556338906000001
Carbon dioxide emissions per capita (production) (tonnes) (2000),9.632605664
Carbon dioxide emissions per capita (production) (tonnes) (2001),9.747491588999999
Carbon dioxide emissions per capita (production) (tonnes) (2002),9.440434624
Carbon dioxide emissions per capita (production) (tonnes) (2003),9.594663540000001
Carbon dioxide emissions per capita (production) (tonnes) (2004),9.568688114
Carbon dioxide emissions per capita (production) (tonnes) (2005),9.453996398999999
Carbon dioxide emissions per capita (production) (tonnes) (2006),9.331786355
Carbon dioxide emissions per capita (production) (tonnes) (2007),9.099909296
Carbon dioxide emissions per capita (production) (tonnes) (2008),8.761722585999999
Carbon dioxide emissions per capita (production) (tonnes) (2009),7.860986465
Carbon dioxide emissions per capita (production) (tonnes) (2010),8.062293539000001
Carbon dioxide emissions per capita (production) (tonnes) (2011),7.332702726
Carbon dioxide emissions per capita (production) (tonnes) (2012),7.55543189
Carbon dioxide emissions per capita (production) (tonnes) (2013),7.346229345
Carbon dioxide emissions per capita (production) (tonnes) (2014),6.703157681
Carbon dioxide emissions per capita (production) (tonnes) (2015),6.412680895
Carbon dioxide emissions per capita (production) (tonnes) (2016),6.023375325
Carbon dioxide emissions per capita (production) (tonnes) (2017),5.808181432
Carbon dioxide emissions per capita (production) (tonnes) (2018),5.687818316
Carbon dioxide emissions per capita (production) (tonnes) (2019),5.464367838
Carbon dioxide emissions per capita (production) (tonnes) (2020),4.854886819
Carbon dioxide emissions per capita (production) (tonnes) (2021),4.854886819
Material footprint per capita (tonnes) (1990),20.79
Material footprint per capita (tonnes) (1991),20.49
Material footprint per capita (tonnes) (1992),20.36
Material footprint per capita (tonnes) (1993),20.39
Material footprint per capita (tonnes) (1994),20.83
Material footprint per capita (tonnes) (1995),20.41
Material footprint per capita (tonnes) (1996),20.23
Material footprint per capita (tonnes) (1997),21.4
Material footprint per capita (tonnes) (1998),22.34
Material footprint per capita (tonnes) (1999),21.87
Material footprint per capita (tonnes) (2000),22.33
Material footprint per capita (tonnes) (2001),22.48
Material footprint per capita (tonnes) (2002),21.68
Material footprint per capita (tonnes) (2003),20.82
Material footprint per capita (tonnes) (2004),21.58
Material footprint per capita (tonnes) (2005),23.06
Material footprint per capita (tonnes) (2006),23.87
Material footprint per capita (tonnes) (2007),22.25
Material footprint per capita (tonnes) (2008),19.63
Material footprint per capita (tonnes) (2009),17.25
Material footprint per capita (tonnes) (2010),17.03
Material footprint per capita (tonnes) (2011),17.46
Material footprint per capita (tonnes) (2012),17.94
Material footprint per capita (tonnes) (2013),17.86
Material footprint per capita (tonnes) (2014),19.09
Material footprint per capita (tonnes) (2015),18.97
Material footprint per capita (tonnes) (2016),18.27
Material footprint per capita (tonnes) (2017),18.2
Material footprint per capita (tonnes) (2018),18.01
Material footprint per capita (tonnes) (2019),17.85
Material footprint per capita (tonnes) (2020),17.85
Material footprint per capita (tonnes) (2021),17.85
Period,2017-2022
Total,29.6
Women,27.15
Men,32.35
Share of people with no bias,70.4
Political,20.86
Educational,2.71
Economic,10.37
Physical integrity,8.23
